sample,elapsed_ms,status_code,success,timestamp,label,thread_group
1,2680,200,true,2026-05-28T20:46:40.783Z,GET /api/health,50_usuarios_simulados
2,2699,200,true,2026-05-28T20:46:40.870Z,GET /api/health,50_usuarios_simulados
3,2611,200,true,2026-05-28T20:46:40.784Z,GET /api/health,50_usuarios_simulados
4,2629,200,true,2026-05-28T20:46:40.804Z,GET /api/health,50_usuarios_simulados
5,2648,200,true,2026-05-28T20:46:40.825Z,GET /api/health,50_usuarios_simulados
6,2652,200,true,2026-05-28T20:46:40.830Z,GET /api/health,50_usuarios_simulados
7,2622,200,true,2026-05-28T20:46:40.800Z,GET /api/health,50_usuarios_simulados
8,2650,200,true,2026-05-28T20:46:40.829Z,GET /api/health,50_usuarios_simulados
9,2686,200,true,2026-05-28T20:46:40.866Z,GET /api/health,50_usuarios_simulados
10,2687,200,true,2026-05-28T20:46:40.869Z,GET /api/health,50_usuarios_simulados
11,2632,200,true,2026-05-28T20:46:40.815Z,GET /api/health,50_usuarios_simulados
12,2616,200,true,2026-05-28T20:46:40.799Z,GET /api/health,50_usuarios_simulados
13,2632,200,true,2026-05-28T20:46:40.816Z,GET /api/health,50_usuarios_simulados
14,2643,200,true,2026-05-28T20:46:40.827Z,GET /api/health,50_usuarios_simulados
15,2628,200,true,2026-05-28T20:46:40.813Z,GET /api/health,50_usuarios_simulados
16,2628,200,true,2026-05-28T20:46:40.813Z,GET /api/health,50_usuarios_simulados
17,2624,200,true,2026-05-28T20:46:40.810Z,GET /api/health,50_usuarios_simulados
18,2609,200,true,2026-05-28T20:46:40.796Z,GET /api/health,50_usuarios_simulados
19,2603,200,true,2026-05-28T20:46:40.790Z,GET /api/health,50_usuarios_simulados
20,2643,200,true,2026-05-28T20:46:40.831Z,GET /api/health,50_usuarios_simulados
21,2612,200,true,2026-05-28T20:46:40.800Z,GET /api/health,50_usuarios_simulados
22,2683,200,true,2026-05-28T20:46:40.872Z,GET /api/health,50_usuarios_simulados
23,2684,200,true,2026-05-28T20:46:40.874Z,GET /api/health,50_usuarios_simulados
24,2613,200,true,2026-05-28T20:46:40.803Z,GET /api/health,50_usuarios_simulados
25,2614,200,true,2026-05-28T20:46:40.807Z,GET /api/health,50_usuarios_simulados
26,2617,200,true,2026-05-28T20:46:40.811Z,GET /api/health,50_usuarios_simulados
27,2674,200,true,2026-05-28T20:46:40.868Z,GET /api/health,50_usuarios_simulados
28,2601,200,true,2026-05-28T20:46:40.796Z,GET /api/health,50_usuarios_simulados
29,2603,200,true,2026-05-28T20:46:40.798Z,GET /api/health,50_usuarios_simulados
30,2605,200,true,2026-05-28T20:46:40.801Z,GET /api/health,50_usuarios_simulados
31,2598,200,true,2026-05-28T20:46:40.794Z,GET /api/health,50_usuarios_simulados
32,2634,200,true,2026-05-28T20:46:40.831Z,GET /api/health,50_usuarios_simulados
33,2587,200,true,2026-05-28T20:46:40.785Z,GET /api/health,50_usuarios_simulados
34,2569,200,true,2026-05-28T20:46:40.767Z,GET /api/health,50_usuarios_simulados
35,2593,200,true,2026-05-28T20:46:40.792Z,GET /api/health,50_usuarios_simulados
36,2587,200,true,2026-05-28T20:46:40.787Z,GET /api/health,50_usuarios_simulados
37,2614,200,true,2026-05-28T20:46:40.814Z,GET /api/health,50_usuarios_simulados
38,2587,200,true,2026-05-28T20:46:40.788Z,GET /api/health,50_usuarios_simulados
39,2625,200,true,2026-05-28T20:46:40.826Z,GET /api/health,50_usuarios_simulados
40,2600,200,true,2026-05-28T20:46:40.802Z,GET /api/health,50_usuarios_simulados
41,2606,200,true,2026-05-28T20:46:40.809Z,GET /api/health,50_usuarios_simulados
42,2597,200,true,2026-05-28T20:46:40.801Z,GET /api/health,50_usuarios_simulados
43,2591,200,true,2026-05-28T20:46:40.795Z,GET /api/health,50_usuarios_simulados
44,2584,200,true,2026-05-28T20:46:40.789Z,GET /api/health,50_usuarios_simulados
45,2606,200,true,2026-05-28T20:46:40.812Z,GET /api/health,50_usuarios_simulados
46,2602,200,true,2026-05-28T20:46:40.808Z,GET /api/health,50_usuarios_simulados
47,2608,200,true,2026-05-28T20:46:40.815Z,GET /api/health,50_usuarios_simulados
48,2663,200,true,2026-05-28T20:46:40.871Z,GET /api/health,50_usuarios_simulados
49,2607,200,true,2026-05-28T20:46:40.816Z,GET /api/health,50_usuarios_simulados
50,2601,200,true,2026-05-28T20:46:40.811Z,GET /api/health,50_usuarios_simulados
51,223,200,true,2026-05-28T20:46:41.100Z,GET /api/health,50_usuarios_simulados
52,213,200,true,2026-05-28T20:46:41.091Z,GET /api/health,50_usuarios_simulados
53,198,200,true,2026-05-28T20:46:41.077Z,GET /api/health,50_usuarios_simulados
54,201,200,true,2026-05-28T20:46:41.080Z,GET /api/health,50_usuarios_simulados
55,198,200,true,2026-05-28T20:46:41.077Z,GET /api/health,50_usuarios_simulados
56,200,200,true,2026-05-28T20:46:41.079Z,GET /api/health,50_usuarios_simulados
57,208,200,true,2026-05-28T20:46:41.087Z,GET /api/health,50_usuarios_simulados
58,214,200,true,2026-05-28T20:46:41.094Z,GET /api/health,50_usuarios_simulados
59,207,200,true,2026-05-28T20:46:41.087Z,GET /api/health,50_usuarios_simulados
60,200,200,true,2026-05-28T20:46:41.080Z,GET /api/health,50_usuarios_simulados
61,205,200,true,2026-05-28T20:46:41.085Z,GET /api/health,50_usuarios_simulados
62,212,200,true,2026-05-28T20:46:41.092Z,GET /api/health,50_usuarios_simulados
63,213,200,true,2026-05-28T20:46:41.093Z,GET /api/health,50_usuarios_simulados
64,221,200,true,2026-05-28T20:46:41.101Z,GET /api/health,50_usuarios_simulados
65,192,200,true,2026-05-28T20:46:41.073Z,GET /api/health,50_usuarios_simulados
66,207,200,true,2026-05-28T20:46:41.088Z,GET /api/health,50_usuarios_simulados
67,202,200,true,2026-05-28T20:46:41.083Z,GET /api/health,50_usuarios_simulados
68,217,200,true,2026-05-28T20:46:41.099Z,GET /api/health,50_usuarios_simulados
69,220,200,true,2026-05-28T20:46:41.102Z,GET /api/health,50_usuarios_simulados
70,206,200,true,2026-05-28T20:46:41.089Z,GET /api/health,50_usuarios_simulados
71,195,200,true,2026-05-28T20:46:41.078Z,GET /api/health,50_usuarios_simulados
72,203,200,true,2026-05-28T20:46:41.086Z,GET /api/health,50_usuarios_simulados
73,224,200,true,2026-05-28T20:46:41.107Z,GET /api/health,50_usuarios_simulados
74,198,200,true,2026-05-28T20:46:41.081Z,GET /api/health,50_usuarios_simulados
75,212,200,true,2026-05-28T20:46:41.095Z,GET /api/health,50_usuarios_simulados
76,201,200,true,2026-05-28T20:46:41.084Z,GET /api/health,50_usuarios_simulados
77,209,200,true,2026-05-28T20:46:41.093Z,GET /api/health,50_usuarios_simulados
78,224,200,true,2026-05-28T20:46:41.108Z,GET /api/health,50_usuarios_simulados
79,200,200,true,2026-05-28T20:46:41.084Z,GET /api/health,50_usuarios_simulados
80,201,200,true,2026-05-28T20:46:41.085Z,GET /api/health,50_usuarios_simulados
81,205,200,true,2026-05-28T20:46:41.089Z,GET /api/health,50_usuarios_simulados
82,215,200,true,2026-05-28T20:46:41.099Z,GET /api/health,50_usuarios_simulados
83,219,200,true,2026-05-28T20:46:41.103Z,GET /api/health,50_usuarios_simulados
84,213,200,true,2026-05-28T20:46:41.097Z,GET /api/health,50_usuarios_simulados
85,218,200,true,2026-05-28T20:46:41.103Z,GET /api/health,50_usuarios_simulados
86,213,200,true,2026-05-28T20:46:41.098Z,GET /api/health,50_usuarios_simulados
87,203,200,true,2026-05-28T20:46:41.088Z,GET /api/health,50_usuarios_simulados
88,194,200,true,2026-05-28T20:46:41.079Z,GET /api/health,50_usuarios_simulados
89,215,200,true,2026-05-28T20:46:41.101Z,GET /api/health,50_usuarios_simulados
90,204,200,true,2026-05-28T20:46:41.090Z,GET /api/health,50_usuarios_simulados
91,200,200,true,2026-05-28T20:46:41.086Z,GET /api/health,50_usuarios_simulados
92,212,200,true,2026-05-28T20:46:41.098Z,GET /api/health,50_usuarios_simulados
93,207,200,true,2026-05-28T20:46:41.094Z,GET /api/health,50_usuarios_simulados
94,218,200,true,2026-05-28T20:46:41.105Z,GET /api/health,50_usuarios_simulados
95,217,200,true,2026-05-28T20:46:41.104Z,GET /api/health,50_usuarios_simulados
96,217,200,true,2026-05-28T20:46:41.104Z,GET /api/health,50_usuarios_simulados
97,218,200,true,2026-05-28T20:46:41.105Z,GET /api/health,50_usuarios_simulados
98,219,200,true,2026-05-28T20:46:41.106Z,GET /api/health,50_usuarios_simulados
99,213,200,true,2026-05-28T20:46:41.100Z,GET /api/health,50_usuarios_simulados
100,203,200,true,2026-05-28T20:46:41.091Z,GET /api/health,50_usuarios_simulados
101,187,200,true,2026-05-28T20:46:41.295Z,GET /api/health,50_usuarios_simulados
102,210,200,true,2026-05-28T20:46:41.319Z,GET /api/health,50_usuarios_simulados
103,188,200,true,2026-05-28T20:46:41.297Z,GET /api/health,50_usuarios_simulados
104,187,200,true,2026-05-28T20:46:41.296Z,GET /api/health,50_usuarios_simulados
105,189,200,true,2026-05-28T20:46:41.298Z,GET /api/health,50_usuarios_simulados
106,192,200,true,2026-05-28T20:46:41.301Z,GET /api/health,50_usuarios_simulados
107,197,200,true,2026-05-28T20:46:41.306Z,GET /api/health,50_usuarios_simulados
108,190,200,true,2026-05-28T20:46:41.299Z,GET /api/health,50_usuarios_simulados
109,197,200,true,2026-05-28T20:46:41.307Z,GET /api/health,50_usuarios_simulados
110,197,200,true,2026-05-28T20:46:41.307Z,GET /api/health,50_usuarios_simulados
111,186,200,true,2026-05-28T20:46:41.296Z,GET /api/health,50_usuarios_simulados
112,210,200,true,2026-05-28T20:46:41.320Z,GET /api/health,50_usuarios_simulados
113,193,200,true,2026-05-28T20:46:41.303Z,GET /api/health,50_usuarios_simulados
114,192,200,true,2026-05-28T20:46:41.302Z,GET /api/health,50_usuarios_simulados
115,206,200,true,2026-05-28T20:46:41.316Z,GET /api/health,50_usuarios_simulados
116,191,200,true,2026-05-28T20:46:41.301Z,GET /api/health,50_usuarios_simulados
117,194,200,true,2026-05-28T20:46:41.304Z,GET /api/health,50_usuarios_simulados
118,198,200,true,2026-05-28T20:46:41.309Z,GET /api/health,50_usuarios_simulados
119,201,200,true,2026-05-28T20:46:41.312Z,GET /api/health,50_usuarios_simulados
120,199,200,true,2026-05-28T20:46:41.310Z,GET /api/health,50_usuarios_simulados
121,193,200,true,2026-05-28T20:46:41.304Z,GET /api/health,50_usuarios_simulados
122,205,200,true,2026-05-28T20:46:41.316Z,GET /api/health,50_usuarios_simulados
123,194,200,true,2026-05-28T20:46:41.305Z,GET /api/health,50_usuarios_simulados
124,209,200,true,2026-05-28T20:46:41.320Z,GET /api/health,50_usuarios_simulados
125,208,200,true,2026-05-28T20:46:41.319Z,GET /api/health,50_usuarios_simulados
126,201,200,true,2026-05-28T20:46:41.313Z,GET /api/health,50_usuarios_simulados
127,185,200,true,2026-05-28T20:46:41.297Z,GET /api/health,50_usuarios_simulados
128,193,200,true,2026-05-28T20:46:41.305Z,GET /api/health,50_usuarios_simulados
129,214,200,true,2026-05-28T20:46:41.326Z,GET /api/health,50_usuarios_simulados
130,202,200,true,2026-05-28T20:46:41.314Z,GET /api/health,50_usuarios_simulados
131,203,200,true,2026-05-28T20:46:41.315Z,GET /api/health,50_usuarios_simulados
132,200,200,true,2026-05-28T20:46:41.312Z,GET /api/health,50_usuarios_simulados
133,209,200,true,2026-05-28T20:46:41.321Z,GET /api/health,50_usuarios_simulados
134,213,200,true,2026-05-28T20:46:41.325Z,GET /api/health,50_usuarios_simulados
135,192,200,true,2026-05-28T20:46:41.305Z,GET /api/health,50_usuarios_simulados
136,205,200,true,2026-05-28T20:46:41.318Z,GET /api/health,50_usuarios_simulados
137,210,200,true,2026-05-28T20:46:41.323Z,GET /api/health,50_usuarios_simulados
138,198,200,true,2026-05-28T20:46:41.311Z,GET /api/health,50_usuarios_simulados
139,200,200,true,2026-05-28T20:46:41.313Z,GET /api/health,50_usuarios_simulados
140,198,200,true,2026-05-28T20:46:41.311Z,GET /api/health,50_usuarios_simulados
141,208,200,true,2026-05-28T20:46:41.321Z,GET /api/health,50_usuarios_simulados
142,213,200,true,2026-05-28T20:46:41.326Z,GET /api/health,50_usuarios_simulados
143,214,200,true,2026-05-28T20:46:41.327Z,GET /api/health,50_usuarios_simulados
144,203,200,true,2026-05-28T20:46:41.317Z,GET /api/health,50_usuarios_simulados
145,209,200,true,2026-05-28T20:46:41.323Z,GET /api/health,50_usuarios_simulados
146,192,200,true,2026-05-28T20:46:41.306Z,GET /api/health,50_usuarios_simulados
147,204,200,true,2026-05-28T20:46:41.318Z,GET /api/health,50_usuarios_simulados
148,210,200,true,2026-05-28T20:46:41.324Z,GET /api/health,50_usuarios_simulados
149,207,200,true,2026-05-28T20:46:41.322Z,GET /api/health,50_usuarios_simulados
150,210,200,true,2026-05-28T20:46:41.325Z,GET /api/health,50_usuarios_simulados
151,188,200,true,2026-05-28T20:46:41.515Z,GET /api/health,50_usuarios_simulados
152,183,200,true,2026-05-28T20:46:41.510Z,GET /api/health,50_usuarios_simulados
153,189,200,true,2026-05-28T20:46:41.516Z,GET /api/health,50_usuarios_simulados
154,186,200,true,2026-05-28T20:46:41.513Z,GET /api/health,50_usuarios_simulados
155,189,200,true,2026-05-28T20:46:41.517Z,GET /api/health,50_usuarios_simulados
156,194,200,true,2026-05-28T20:46:41.522Z,GET /api/health,50_usuarios_simulados
157,185,200,true,2026-05-28T20:46:41.513Z,GET /api/health,50_usuarios_simulados
158,192,200,true,2026-05-28T20:46:41.520Z,GET /api/health,50_usuarios_simulados
159,186,200,true,2026-05-28T20:46:41.514Z,GET /api/health,50_usuarios_simulados
160,184,200,true,2026-05-28T20:46:41.512Z,GET /api/health,50_usuarios_simulados
161,186,200,true,2026-05-28T20:46:41.514Z,GET /api/health,50_usuarios_simulados
162,187,200,true,2026-05-28T20:46:41.516Z,GET /api/health,50_usuarios_simulados
163,186,200,true,2026-05-28T20:46:41.515Z,GET /api/health,50_usuarios_simulados
164,195,200,true,2026-05-28T20:46:41.524Z,GET /api/health,50_usuarios_simulados
165,193,200,true,2026-05-28T20:46:41.522Z,GET /api/health,50_usuarios_simulados
166,189,200,true,2026-05-28T20:46:41.518Z,GET /api/health,50_usuarios_simulados
167,196,200,true,2026-05-28T20:46:41.525Z,GET /api/health,50_usuarios_simulados
168,192,200,true,2026-05-28T20:46:41.521Z,GET /api/health,50_usuarios_simulados
169,202,200,true,2026-05-28T20:46:41.531Z,GET /api/health,50_usuarios_simulados
170,198,200,true,2026-05-28T20:46:41.527Z,GET /api/health,50_usuarios_simulados
171,196,200,true,2026-05-28T20:46:41.526Z,GET /api/health,50_usuarios_simulados
172,189,200,true,2026-05-28T20:46:41.519Z,GET /api/health,50_usuarios_simulados
173,197,200,true,2026-05-28T20:46:41.527Z,GET /api/health,50_usuarios_simulados
174,188,200,true,2026-05-28T20:46:41.518Z,GET /api/health,50_usuarios_simulados
175,204,200,true,2026-05-28T20:46:41.534Z,GET /api/health,50_usuarios_simulados
176,195,200,true,2026-05-28T20:46:41.525Z,GET /api/health,50_usuarios_simulados
177,189,200,true,2026-05-28T20:46:41.519Z,GET /api/health,50_usuarios_simulados
178,190,200,true,2026-05-28T20:46:41.521Z,GET /api/health,50_usuarios_simulados
179,197,200,true,2026-05-28T20:46:41.528Z,GET /api/health,50_usuarios_simulados
180,192,200,true,2026-05-28T20:46:41.523Z,GET /api/health,50_usuarios_simulados
181,200,200,true,2026-05-28T20:46:41.531Z,GET /api/health,50_usuarios_simulados
182,202,200,true,2026-05-28T20:46:41.533Z,GET /api/health,50_usuarios_simulados
183,201,200,true,2026-05-28T20:46:41.532Z,GET /api/health,50_usuarios_simulados
184,189,200,true,2026-05-28T20:46:41.520Z,GET /api/health,50_usuarios_simulados
185,201,200,true,2026-05-28T20:46:41.533Z,GET /api/health,50_usuarios_simulados
186,196,200,true,2026-05-28T20:46:41.528Z,GET /api/health,50_usuarios_simulados
187,193,200,true,2026-05-28T20:46:41.525Z,GET /api/health,50_usuarios_simulados
188,204,200,true,2026-05-28T20:46:41.536Z,GET /api/health,50_usuarios_simulados
189,197,200,true,2026-05-28T20:46:41.529Z,GET /api/health,50_usuarios_simulados
190,198,200,true,2026-05-28T20:46:41.530Z,GET /api/health,50_usuarios_simulados
191,200,200,true,2026-05-28T20:46:41.532Z,GET /api/health,50_usuarios_simulados
192,203,200,true,2026-05-28T20:46:41.535Z,GET /api/health,50_usuarios_simulados
193,203,200,true,2026-05-28T20:46:41.535Z,GET /api/health,50_usuarios_simulados
194,202,200,true,2026-05-28T20:46:41.534Z,GET /api/health,50_usuarios_simulados
195,204,200,true,2026-05-28T20:46:41.537Z,GET /api/health,50_usuarios_simulados
196,203,200,true,2026-05-28T20:46:41.536Z,GET /api/health,50_usuarios_simulados
197,191,200,true,2026-05-28T20:46:41.524Z,GET /api/health,50_usuarios_simulados
198,203,200,true,2026-05-28T20:46:41.536Z,GET /api/health,50_usuarios_simulados
199,196,200,true,2026-05-28T20:46:41.529Z,GET /api/health,50_usuarios_simulados
200,201,200,true,2026-05-28T20:46:41.534Z,GET /api/health,50_usuarios_simulados
201,190,200,true,2026-05-28T20:46:41.727Z,GET /api/health,50_usuarios_simulados
202,187,200,true,2026-05-28T20:46:41.724Z,GET /api/health,50_usuarios_simulados
203,193,200,true,2026-05-28T20:46:41.730Z,GET /api/health,50_usuarios_simulados
204,188,200,true,2026-05-28T20:46:41.725Z,GET /api/health,50_usuarios_simulados
205,191,200,true,2026-05-28T20:46:41.728Z,GET /api/health,50_usuarios_simulados
206,194,200,true,2026-05-28T20:46:41.731Z,GET /api/health,50_usuarios_simulados
207,188,200,true,2026-05-28T20:46:41.726Z,GET /api/health,50_usuarios_simulados
208,191,200,true,2026-05-28T20:46:41.729Z,GET /api/health,50_usuarios_simulados
209,197,200,true,2026-05-28T20:46:41.735Z,GET /api/health,50_usuarios_simulados
210,193,200,true,2026-05-28T20:46:41.731Z,GET /api/health,50_usuarios_simulados
211,192,200,true,2026-05-28T20:46:41.730Z,GET /api/health,50_usuarios_simulados
212,196,200,true,2026-05-28T20:46:41.734Z,GET /api/health,50_usuarios_simulados
213,194,200,true,2026-05-28T20:46:41.732Z,GET /api/health,50_usuarios_simulados
214,200,200,true,2026-05-28T20:46:41.738Z,GET /api/health,50_usuarios_simulados
215,198,200,true,2026-05-28T20:46:41.736Z,GET /api/health,50_usuarios_simulados
216,210,200,true,2026-05-28T20:46:41.748Z,GET /api/health,50_usuarios_simulados
217,191,200,true,2026-05-28T20:46:41.730Z,GET /api/health,50_usuarios_simulados
218,193,200,true,2026-05-28T20:46:41.732Z,GET /api/health,50_usuarios_simulados
219,201,200,true,2026-05-28T20:46:41.740Z,GET /api/health,50_usuarios_simulados
220,197,200,true,2026-05-28T20:46:41.736Z,GET /api/health,50_usuarios_simulados
221,198,200,true,2026-05-28T20:46:41.737Z,GET /api/health,50_usuarios_simulados
222,200,200,true,2026-05-28T20:46:41.739Z,GET /api/health,50_usuarios_simulados
223,198,200,true,2026-05-28T20:46:41.737Z,GET /api/health,50_usuarios_simulados
224,194,200,true,2026-05-28T20:46:41.733Z,GET /api/health,50_usuarios_simulados
225,195,200,true,2026-05-28T20:46:41.734Z,GET /api/health,50_usuarios_simulados
226,199,200,true,2026-05-28T20:46:41.738Z,GET /api/health,50_usuarios_simulados
227,188,200,true,2026-05-28T20:46:41.728Z,GET /api/health,50_usuarios_simulados
228,205,200,true,2026-05-28T20:46:41.745Z,GET /api/health,50_usuarios_simulados
229,206,200,true,2026-05-28T20:46:41.746Z,GET /api/health,50_usuarios_simulados
230,209,200,true,2026-05-28T20:46:41.749Z,GET /api/health,50_usuarios_simulados
231,201,200,true,2026-05-28T20:46:41.741Z,GET /api/health,50_usuarios_simulados
232,195,200,true,2026-05-28T20:46:41.735Z,GET /api/health,50_usuarios_simulados
233,193,200,true,2026-05-28T20:46:41.733Z,GET /api/health,50_usuarios_simulados
234,210,200,true,2026-05-28T20:46:41.750Z,GET /api/health,50_usuarios_simulados
235,195,200,true,2026-05-28T20:46:41.735Z,GET /api/health,50_usuarios_simulados
236,194,200,true,2026-05-28T20:46:41.734Z,GET /api/health,50_usuarios_simulados
237,199,200,true,2026-05-28T20:46:41.740Z,GET /api/health,50_usuarios_simulados
238,201,200,true,2026-05-28T20:46:41.742Z,GET /api/health,50_usuarios_simulados
239,200,200,true,2026-05-28T20:46:41.741Z,GET /api/health,50_usuarios_simulados
240,209,200,true,2026-05-28T20:46:41.750Z,GET /api/health,50_usuarios_simulados
241,203,200,true,2026-05-28T20:46:41.744Z,GET /api/health,50_usuarios_simulados
242,202,200,true,2026-05-28T20:46:41.743Z,GET /api/health,50_usuarios_simulados
243,207,200,true,2026-05-28T20:46:41.748Z,GET /api/health,50_usuarios_simulados
244,205,200,true,2026-05-28T20:46:41.746Z,GET /api/health,50_usuarios_simulados
245,201,200,true,2026-05-28T20:46:41.742Z,GET /api/health,50_usuarios_simulados
246,204,200,true,2026-05-28T20:46:41.745Z,GET /api/health,50_usuarios_simulados
247,202,200,true,2026-05-28T20:46:41.744Z,GET /api/health,50_usuarios_simulados
248,207,200,true,2026-05-28T20:46:41.749Z,GET /api/health,50_usuarios_simulados
249,205,200,true,2026-05-28T20:46:41.747Z,GET /api/health,50_usuarios_simulados
250,206,200,true,2026-05-28T20:46:41.748Z,GET /api/health,50_usuarios_simulados
251,208,200,true,2026-05-28T20:46:41.959Z,GET /api/health,50_usuarios_simulados
252,187,200,true,2026-05-28T20:46:41.938Z,GET /api/health,50_usuarios_simulados
253,199,200,true,2026-05-28T20:46:41.950Z,GET /api/health,50_usuarios_simulados
254,184,200,true,2026-05-28T20:46:41.935Z,GET /api/health,50_usuarios_simulados
255,185,200,true,2026-05-28T20:46:41.936Z,GET /api/health,50_usuarios_simulados
256,186,200,true,2026-05-28T20:46:41.937Z,GET /api/health,50_usuarios_simulados
257,191,200,true,2026-05-28T20:46:41.942Z,GET /api/health,50_usuarios_simulados
258,207,200,true,2026-05-28T20:46:41.959Z,GET /api/health,50_usuarios_simulados
259,183,200,true,2026-05-28T20:46:41.935Z,GET /api/health,50_usuarios_simulados
260,182,200,true,2026-05-28T20:46:41.934Z,GET /api/health,50_usuarios_simulados
261,191,200,true,2026-05-28T20:46:41.943Z,GET /api/health,50_usuarios_simulados
262,185,200,true,2026-05-28T20:46:41.937Z,GET /api/health,50_usuarios_simulados
263,205,200,true,2026-05-28T20:46:41.957Z,GET /api/health,50_usuarios_simulados
264,189,200,true,2026-05-28T20:46:41.941Z,GET /api/health,50_usuarios_simulados
265,186,200,true,2026-05-28T20:46:41.939Z,GET /api/health,50_usuarios_simulados
266,205,200,true,2026-05-28T20:46:41.958Z,GET /api/health,50_usuarios_simulados
267,188,200,true,2026-05-28T20:46:41.941Z,GET /api/health,50_usuarios_simulados
268,197,200,true,2026-05-28T20:46:41.950Z,GET /api/health,50_usuarios_simulados
269,189,200,true,2026-05-28T20:46:41.942Z,GET /api/health,50_usuarios_simulados
270,187,200,true,2026-05-28T20:46:41.940Z,GET /api/health,50_usuarios_simulados
271,190,200,true,2026-05-28T20:46:41.943Z,GET /api/health,50_usuarios_simulados
272,205,200,true,2026-05-28T20:46:41.958Z,GET /api/health,50_usuarios_simulados
273,193,200,true,2026-05-28T20:46:41.947Z,GET /api/health,50_usuarios_simulados
274,202,200,true,2026-05-28T20:46:41.956Z,GET /api/health,50_usuarios_simulados
275,195,200,true,2026-05-28T20:46:41.949Z,GET /api/health,50_usuarios_simulados
276,203,200,true,2026-05-28T20:46:41.957Z,GET /api/health,50_usuarios_simulados
277,194,200,true,2026-05-28T20:46:41.948Z,GET /api/health,50_usuarios_simulados
278,192,200,true,2026-05-28T20:46:41.946Z,GET /api/health,50_usuarios_simulados
279,207,200,true,2026-05-28T20:46:41.961Z,GET /api/health,50_usuarios_simulados
280,183,200,true,2026-05-28T20:46:41.937Z,GET /api/health,50_usuarios_simulados
281,190,200,true,2026-05-28T20:46:41.944Z,GET /api/health,50_usuarios_simulados
282,192,200,true,2026-05-28T20:46:41.947Z,GET /api/health,50_usuarios_simulados
283,195,200,true,2026-05-28T20:46:41.950Z,GET /api/health,50_usuarios_simulados
284,209,200,true,2026-05-28T20:46:41.964Z,GET /api/health,50_usuarios_simulados
285,190,200,true,2026-05-28T20:46:41.945Z,GET /api/health,50_usuarios_simulados
286,189,200,true,2026-05-28T20:46:41.944Z,GET /api/health,50_usuarios_simulados
287,189,200,true,2026-05-28T20:46:41.944Z,GET /api/health,50_usuarios_simulados
288,194,200,true,2026-05-28T20:46:41.949Z,GET /api/health,50_usuarios_simulados
289,205,200,true,2026-05-28T20:46:41.960Z,GET /api/health,50_usuarios_simulados
290,213,200,true,2026-05-28T20:46:41.968Z,GET /api/health,50_usuarios_simulados
291,192,200,true,2026-05-28T20:46:41.948Z,GET /api/health,50_usuarios_simulados
292,206,200,true,2026-05-28T20:46:41.962Z,GET /api/health,50_usuarios_simulados
293,203,200,true,2026-05-28T20:46:41.959Z,GET /api/health,50_usuarios_simulados
294,206,200,true,2026-05-28T20:46:41.962Z,GET /api/health,50_usuarios_simulados
295,195,200,true,2026-05-28T20:46:41.951Z,GET /api/health,50_usuarios_simulados
296,205,200,true,2026-05-28T20:46:41.961Z,GET /api/health,50_usuarios_simulados
297,207,200,true,2026-05-28T20:46:41.963Z,GET /api/health,50_usuarios_simulados
298,198,200,true,2026-05-28T20:46:41.954Z,GET /api/health,50_usuarios_simulados
299,204,200,true,2026-05-28T20:46:41.960Z,GET /api/health,50_usuarios_simulados
300,207,200,true,2026-05-28T20:46:41.963Z,GET /api/health,50_usuarios_simulados
301,188,200,true,2026-05-28T20:46:42.156Z,GET /api/health,50_usuarios_simulados
302,185,200,true,2026-05-28T20:46:42.154Z,GET /api/health,50_usuarios_simulados
303,183,200,true,2026-05-28T20:46:42.152Z,GET /api/health,50_usuarios_simulados
304,183,200,true,2026-05-28T20:46:42.152Z,GET /api/health,50_usuarios_simulados
305,182,200,true,2026-05-28T20:46:42.151Z,GET /api/health,50_usuarios_simulados
306,185,200,true,2026-05-28T20:46:42.154Z,GET /api/health,50_usuarios_simulados
307,185,200,true,2026-05-28T20:46:42.154Z,GET /api/health,50_usuarios_simulados
308,192,200,true,2026-05-28T20:46:42.161Z,GET /api/health,50_usuarios_simulados
309,186,200,true,2026-05-28T20:46:42.155Z,GET /api/health,50_usuarios_simulados
310,186,200,true,2026-05-28T20:46:42.155Z,GET /api/health,50_usuarios_simulados
311,183,200,true,2026-05-28T20:46:42.152Z,GET /api/health,50_usuarios_simulados
312,192,200,true,2026-05-28T20:46:42.162Z,GET /api/health,50_usuarios_simulados
313,186,200,true,2026-05-28T20:46:42.156Z,GET /api/health,50_usuarios_simulados
314,187,200,true,2026-05-28T20:46:42.157Z,GET /api/health,50_usuarios_simulados
315,196,200,true,2026-05-28T20:46:42.166Z,GET /api/health,50_usuarios_simulados
316,199,200,true,2026-05-28T20:46:42.169Z,GET /api/health,50_usuarios_simulados
317,187,200,true,2026-05-28T20:46:42.157Z,GET /api/health,50_usuarios_simulados
318,206,200,true,2026-05-28T20:46:42.176Z,GET /api/health,50_usuarios_simulados
319,197,200,true,2026-05-28T20:46:42.167Z,GET /api/health,50_usuarios_simulados
320,183,200,true,2026-05-28T20:46:42.153Z,GET /api/health,50_usuarios_simulados
321,196,200,true,2026-05-28T20:46:42.166Z,GET /api/health,50_usuarios_simulados
322,197,200,true,2026-05-28T20:46:42.167Z,GET /api/health,50_usuarios_simulados
323,191,200,true,2026-05-28T20:46:42.162Z,GET /api/health,50_usuarios_simulados
324,197,200,true,2026-05-28T20:46:42.168Z,GET /api/health,50_usuarios_simulados
325,193,200,true,2026-05-28T20:46:42.164Z,GET /api/health,50_usuarios_simulados
326,198,200,true,2026-05-28T20:46:42.169Z,GET /api/health,50_usuarios_simulados
327,196,200,true,2026-05-28T20:46:42.167Z,GET /api/health,50_usuarios_simulados
328,194,200,true,2026-05-28T20:46:42.165Z,GET /api/health,50_usuarios_simulados
329,195,200,true,2026-05-28T20:46:42.166Z,GET /api/health,50_usuarios_simulados
330,194,200,true,2026-05-28T20:46:42.165Z,GET /api/health,50_usuarios_simulados
331,194,200,true,2026-05-28T20:46:42.165Z,GET /api/health,50_usuarios_simulados
332,197,200,true,2026-05-28T20:46:42.168Z,GET /api/health,50_usuarios_simulados
333,203,200,true,2026-05-28T20:46:42.174Z,GET /api/health,50_usuarios_simulados
334,194,200,true,2026-05-28T20:46:42.166Z,GET /api/health,50_usuarios_simulados
335,206,200,true,2026-05-28T20:46:42.178Z,GET /api/health,50_usuarios_simulados
336,201,200,true,2026-05-28T20:46:42.173Z,GET /api/health,50_usuarios_simulados
337,203,200,true,2026-05-28T20:46:42.175Z,GET /api/health,50_usuarios_simulados
338,205,200,true,2026-05-28T20:46:42.177Z,GET /api/health,50_usuarios_simulados
339,198,200,true,2026-05-28T20:46:42.170Z,GET /api/health,50_usuarios_simulados
340,199,200,true,2026-05-28T20:46:42.171Z,GET /api/health,50_usuarios_simulados
341,206,200,true,2026-05-28T20:46:42.179Z,GET /api/health,50_usuarios_simulados
342,195,200,true,2026-05-28T20:46:42.168Z,GET /api/health,50_usuarios_simulados
343,206,200,true,2026-05-28T20:46:42.179Z,GET /api/health,50_usuarios_simulados
344,195,200,true,2026-05-28T20:46:42.168Z,GET /api/health,50_usuarios_simulados
345,196,200,true,2026-05-28T20:46:42.169Z,GET /api/health,50_usuarios_simulados
346,199,200,true,2026-05-28T20:46:42.172Z,GET /api/health,50_usuarios_simulados
347,206,200,true,2026-05-28T20:46:42.179Z,GET /api/health,50_usuarios_simulados
348,199,200,true,2026-05-28T20:46:42.172Z,GET /api/health,50_usuarios_simulados
349,200,200,true,2026-05-28T20:46:42.173Z,GET /api/health,50_usuarios_simulados
350,198,200,true,2026-05-28T20:46:42.171Z,GET /api/health,50_usuarios_simulados
351,192,200,true,2026-05-28T20:46:42.372Z,GET /api/health,50_usuarios_simulados
352,191,200,true,2026-05-28T20:46:42.371Z,GET /api/health,50_usuarios_simulados
353,190,200,true,2026-05-28T20:46:42.370Z,GET /api/health,50_usuarios_simulados
354,199,200,true,2026-05-28T20:46:42.379Z,GET /api/health,50_usuarios_simulados
355,198,200,true,2026-05-28T20:46:42.378Z,GET /api/health,50_usuarios_simulados
356,204,200,true,2026-05-28T20:46:42.384Z,GET /api/health,50_usuarios_simulados
357,193,200,true,2026-05-28T20:46:42.373Z,GET /api/health,50_usuarios_simulados
358,191,200,true,2026-05-28T20:46:42.371Z,GET /api/health,50_usuarios_simulados
359,204,200,true,2026-05-28T20:46:42.385Z,GET /api/health,50_usuarios_simulados
360,193,200,true,2026-05-28T20:46:42.374Z,GET /api/health,50_usuarios_simulados
361,191,200,true,2026-05-28T20:46:42.372Z,GET /api/health,50_usuarios_simulados
362,192,200,true,2026-05-28T20:46:42.373Z,GET /api/health,50_usuarios_simulados
363,197,200,true,2026-05-28T20:46:42.378Z,GET /api/health,50_usuarios_simulados
364,202,200,true,2026-05-28T20:46:42.383Z,GET /api/health,50_usuarios_simulados
365,198,200,true,2026-05-28T20:46:42.379Z,GET /api/health,50_usuarios_simulados
366,191,200,true,2026-05-28T20:46:42.372Z,GET /api/health,50_usuarios_simulados
367,196,200,true,2026-05-28T20:46:42.377Z,GET /api/health,50_usuarios_simulados
368,200,200,true,2026-05-28T20:46:42.381Z,GET /api/health,50_usuarios_simulados
369,205,200,true,2026-05-28T20:46:42.386Z,GET /api/health,50_usuarios_simulados
370,197,200,true,2026-05-28T20:46:42.379Z,GET /api/health,50_usuarios_simulados
371,198,200,true,2026-05-28T20:46:42.380Z,GET /api/health,50_usuarios_simulados
372,198,200,true,2026-05-28T20:46:42.380Z,GET /api/health,50_usuarios_simulados
373,194,200,true,2026-05-28T20:46:42.376Z,GET /api/health,50_usuarios_simulados
374,201,200,true,2026-05-28T20:46:42.383Z,GET /api/health,50_usuarios_simulados
375,202,200,true,2026-05-28T20:46:42.384Z,GET /api/health,50_usuarios_simulados
376,206,200,true,2026-05-28T20:46:42.388Z,GET /api/health,50_usuarios_simulados
377,206,200,true,2026-05-28T20:46:42.388Z,GET /api/health,50_usuarios_simulados
378,205,200,true,2026-05-28T20:46:42.387Z,GET /api/health,50_usuarios_simulados
379,202,200,true,2026-05-28T20:46:42.384Z,GET /api/health,50_usuarios_simulados
380,199,200,true,2026-05-28T20:46:42.381Z,GET /api/health,50_usuarios_simulados
381,201,200,true,2026-05-28T20:46:42.383Z,GET /api/health,50_usuarios_simulados
382,203,200,true,2026-05-28T20:46:42.385Z,GET /api/health,50_usuarios_simulados
383,204,200,true,2026-05-28T20:46:42.387Z,GET /api/health,50_usuarios_simulados
384,203,200,true,2026-05-28T20:46:42.386Z,GET /api/health,50_usuarios_simulados
385,201,200,true,2026-05-28T20:46:42.384Z,GET /api/health,50_usuarios_simulados
386,205,200,true,2026-05-28T20:46:42.388Z,GET /api/health,50_usuarios_simulados
387,208,200,true,2026-05-28T20:46:42.391Z,GET /api/health,50_usuarios_simulados
388,210,200,true,2026-05-28T20:46:42.393Z,GET /api/health,50_usuarios_simulados
389,212,200,true,2026-05-28T20:46:42.395Z,GET /api/health,50_usuarios_simulados
390,204,200,true,2026-05-28T20:46:42.387Z,GET /api/health,50_usuarios_simulados
391,206,200,true,2026-05-28T20:46:42.389Z,GET /api/health,50_usuarios_simulados
392,200,200,true,2026-05-28T20:46:42.383Z,GET /api/health,50_usuarios_simulados
393,199,200,true,2026-05-28T20:46:42.382Z,GET /api/health,50_usuarios_simulados
394,202,200,true,2026-05-28T20:46:42.385Z,GET /api/health,50_usuarios_simulados
395,210,200,true,2026-05-28T20:46:42.393Z,GET /api/health,50_usuarios_simulados
396,203,200,true,2026-05-28T20:46:42.386Z,GET /api/health,50_usuarios_simulados
397,203,200,true,2026-05-28T20:46:42.386Z,GET /api/health,50_usuarios_simulados
398,206,200,true,2026-05-28T20:46:42.390Z,GET /api/health,50_usuarios_simulados
399,206,200,true,2026-05-28T20:46:42.390Z,GET /api/health,50_usuarios_simulados
400,208,200,true,2026-05-28T20:46:42.392Z,GET /api/health,50_usuarios_simulados
401,200,200,true,2026-05-28T20:46:42.595Z,GET /api/health,50_usuarios_simulados
402,186,200,true,2026-05-28T20:46:42.582Z,GET /api/health,50_usuarios_simulados
403,188,200,true,2026-05-28T20:46:42.584Z,GET /api/health,50_usuarios_simulados
404,190,200,true,2026-05-28T20:46:42.586Z,GET /api/health,50_usuarios_simulados
405,203,200,true,2026-05-28T20:46:42.599Z,GET /api/health,50_usuarios_simulados
406,190,200,true,2026-05-28T20:46:42.586Z,GET /api/health,50_usuarios_simulados
407,191,200,true,2026-05-28T20:46:42.587Z,GET /api/health,50_usuarios_simulados
408,192,200,true,2026-05-28T20:46:42.588Z,GET /api/health,50_usuarios_simulados
409,204,200,true,2026-05-28T20:46:42.600Z,GET /api/health,50_usuarios_simulados
410,203,200,true,2026-05-28T20:46:42.599Z,GET /api/health,50_usuarios_simulados
411,236,200,true,2026-05-28T20:46:42.632Z,GET /api/health,50_usuarios_simulados
412,199,200,true,2026-05-28T20:46:42.596Z,GET /api/health,50_usuarios_simulados
413,202,200,true,2026-05-28T20:46:42.599Z,GET /api/health,50_usuarios_simulados
414,200,200,true,2026-05-28T20:46:42.597Z,GET /api/health,50_usuarios_simulados
415,219,200,true,2026-05-28T20:46:42.616Z,GET /api/health,50_usuarios_simulados
416,203,200,true,2026-05-28T20:46:42.600Z,GET /api/health,50_usuarios_simulados
417,205,200,true,2026-05-28T20:46:42.602Z,GET /api/health,50_usuarios_simulados
418,207,200,true,2026-05-28T20:46:42.604Z,GET /api/health,50_usuarios_simulados
419,215,200,true,2026-05-28T20:46:42.612Z,GET /api/health,50_usuarios_simulados
420,211,200,true,2026-05-28T20:46:42.608Z,GET /api/health,50_usuarios_simulados
421,219,200,true,2026-05-28T20:46:42.616Z,GET /api/health,50_usuarios_simulados
422,205,200,true,2026-05-28T20:46:42.603Z,GET /api/health,50_usuarios_simulados
423,227,200,true,2026-05-28T20:46:42.625Z,GET /api/health,50_usuarios_simulados
424,204,200,true,2026-05-28T20:46:42.602Z,GET /api/health,50_usuarios_simulados
425,213,200,true,2026-05-28T20:46:42.611Z,GET /api/health,50_usuarios_simulados
426,208,200,true,2026-05-28T20:46:42.606Z,GET /api/health,50_usuarios_simulados
427,214,200,true,2026-05-28T20:46:42.612Z,GET /api/health,50_usuarios_simulados
428,213,200,true,2026-05-28T20:46:42.611Z,GET /api/health,50_usuarios_simulados
429,220,200,true,2026-05-28T20:46:42.618Z,GET /api/health,50_usuarios_simulados
430,209,200,true,2026-05-28T20:46:42.607Z,GET /api/health,50_usuarios_simulados
431,211,200,true,2026-05-28T20:46:42.609Z,GET /api/health,50_usuarios_simulados
432,231,200,true,2026-05-28T20:46:42.629Z,GET /api/health,50_usuarios_simulados
433,222,200,true,2026-05-28T20:46:42.620Z,GET /api/health,50_usuarios_simulados
434,218,200,true,2026-05-28T20:46:42.617Z,GET /api/health,50_usuarios_simulados
435,228,200,true,2026-05-28T20:46:42.627Z,GET /api/health,50_usuarios_simulados
436,209,200,true,2026-05-28T20:46:42.608Z,GET /api/health,50_usuarios_simulados
437,227,200,true,2026-05-28T20:46:42.626Z,GET /api/health,50_usuarios_simulados
438,220,200,true,2026-05-28T20:46:42.619Z,GET /api/health,50_usuarios_simulados
439,214,200,true,2026-05-28T20:46:42.613Z,GET /api/health,50_usuarios_simulados
440,222,200,true,2026-05-28T20:46:42.621Z,GET /api/health,50_usuarios_simulados
441,212,200,true,2026-05-28T20:46:42.611Z,GET /api/health,50_usuarios_simulados
442,221,200,true,2026-05-28T20:46:42.620Z,GET /api/health,50_usuarios_simulados
443,222,200,true,2026-05-28T20:46:42.621Z,GET /api/health,50_usuarios_simulados
444,215,200,true,2026-05-28T20:46:42.614Z,GET /api/health,50_usuarios_simulados
445,218,200,true,2026-05-28T20:46:42.617Z,GET /api/health,50_usuarios_simulados
446,216,200,true,2026-05-28T20:46:42.615Z,GET /api/health,50_usuarios_simulados
447,212,200,true,2026-05-28T20:46:42.612Z,GET /api/health,50_usuarios_simulados
448,218,200,true,2026-05-28T20:46:42.618Z,GET /api/health,50_usuarios_simulados
449,215,200,true,2026-05-28T20:46:42.615Z,GET /api/health,50_usuarios_simulados
450,221,200,true,2026-05-28T20:46:42.621Z,GET /api/health,50_usuarios_simulados
451,197,200,true,2026-05-28T20:46:42.829Z,GET /api/health,50_usuarios_simulados
452,188,200,true,2026-05-28T20:46:42.821Z,GET /api/health,50_usuarios_simulados
453,199,200,true,2026-05-28T20:46:42.832Z,GET /api/health,50_usuarios_simulados
454,216,200,true,2026-05-28T20:46:42.849Z,GET /api/health,50_usuarios_simulados
455,203,200,true,2026-05-28T20:46:42.836Z,GET /api/health,50_usuarios_simulados
456,203,200,true,2026-05-28T20:46:42.836Z,GET /api/health,50_usuarios_simulados
457,199,200,true,2026-05-28T20:46:42.832Z,GET /api/health,50_usuarios_simulados
458,188,200,true,2026-05-28T20:46:42.821Z,GET /api/health,50_usuarios_simulados
459,199,200,true,2026-05-28T20:46:42.832Z,GET /api/health,50_usuarios_simulados
460,201,200,true,2026-05-28T20:46:42.835Z,GET /api/health,50_usuarios_simulados
461,196,200,true,2026-05-28T20:46:42.830Z,GET /api/health,50_usuarios_simulados
462,208,200,true,2026-05-28T20:46:42.842Z,GET /api/health,50_usuarios_simulados
463,196,200,true,2026-05-28T20:46:42.831Z,GET /api/health,50_usuarios_simulados
464,206,200,true,2026-05-28T20:46:42.840Z,GET /api/health,50_usuarios_simulados
465,205,200,true,2026-05-28T20:46:42.839Z,GET /api/health,50_usuarios_simulados
466,201,200,true,2026-05-28T20:46:42.835Z,GET /api/health,50_usuarios_simulados
467,203,200,true,2026-05-28T20:46:42.837Z,GET /api/health,50_usuarios_simulados
468,194,200,true,2026-05-28T20:46:42.828Z,GET /api/health,50_usuarios_simulados
469,212,200,true,2026-05-28T20:46:42.846Z,GET /api/health,50_usuarios_simulados
470,200,200,true,2026-05-28T20:46:42.834Z,GET /api/health,50_usuarios_simulados
471,200,200,true,2026-05-28T20:46:42.835Z,GET /api/health,50_usuarios_simulados
472,201,200,true,2026-05-28T20:46:42.836Z,GET /api/health,50_usuarios_simulados
473,196,200,true,2026-05-28T20:46:42.831Z,GET /api/health,50_usuarios_simulados
474,201,200,true,2026-05-28T20:46:42.836Z,GET /api/health,50_usuarios_simulados
475,205,200,true,2026-05-28T20:46:42.840Z,GET /api/health,50_usuarios_simulados
476,211,200,true,2026-05-28T20:46:42.846Z,GET /api/health,50_usuarios_simulados
477,213,200,true,2026-05-28T20:46:42.848Z,GET /api/health,50_usuarios_simulados
478,205,200,true,2026-05-28T20:46:42.840Z,GET /api/health,50_usuarios_simulados
479,197,200,true,2026-05-28T20:46:42.833Z,GET /api/health,50_usuarios_simulados
480,197,200,true,2026-05-28T20:46:42.833Z,GET /api/health,50_usuarios_simulados
481,200,200,true,2026-05-28T20:46:42.836Z,GET /api/health,50_usuarios_simulados
482,199,200,true,2026-05-28T20:46:42.835Z,GET /api/health,50_usuarios_simulados
483,200,200,true,2026-05-28T20:46:42.836Z,GET /api/health,50_usuarios_simulados
484,206,200,true,2026-05-28T20:46:42.842Z,GET /api/health,50_usuarios_simulados
485,207,200,true,2026-05-28T20:46:42.843Z,GET /api/health,50_usuarios_simulados
486,209,200,true,2026-05-28T20:46:42.845Z,GET /api/health,50_usuarios_simulados
487,207,200,true,2026-05-28T20:46:42.843Z,GET /api/health,50_usuarios_simulados
488,212,200,true,2026-05-28T20:46:42.848Z,GET /api/health,50_usuarios_simulados
489,212,200,true,2026-05-28T20:46:42.848Z,GET /api/health,50_usuarios_simulados
490,208,200,true,2026-05-28T20:46:42.845Z,GET /api/health,50_usuarios_simulados
491,210,200,true,2026-05-28T20:46:42.847Z,GET /api/health,50_usuarios_simulados
492,204,200,true,2026-05-28T20:46:42.841Z,GET /api/health,50_usuarios_simulados
493,207,200,true,2026-05-28T20:46:42.844Z,GET /api/health,50_usuarios_simulados
494,210,200,true,2026-05-28T20:46:42.847Z,GET /api/health,50_usuarios_simulados
495,204,200,true,2026-05-28T20:46:42.841Z,GET /api/health,50_usuarios_simulados
496,206,200,true,2026-05-28T20:46:42.844Z,GET /api/health,50_usuarios_simulados
497,207,200,true,2026-05-28T20:46:42.845Z,GET /api/health,50_usuarios_simulados
498,203,200,true,2026-05-28T20:46:42.841Z,GET /api/health,50_usuarios_simulados
499,204,200,true,2026-05-28T20:46:42.842Z,GET /api/health,50_usuarios_simulados
500,206,200,true,2026-05-28T20:46:42.844Z,GET /api/health,50_usuarios_simulados